list-none-none,1,10,1,30,141655, 4721
list-none-none,1,100,1,300,149286, 497
list-none-none,1,10,1,30,138558, 4618
list-none-none,1,100,1,300,183796, 612
list-none-none,1,1000,1,3000,3156383, 1052
list-none-none,1,10000,1,30000,278821426, 9294
list-none-none,2,1,1,6,150221, 25036
list-none-none,1,10,1,30,144954, 4831
list-none-none,1,100,1,300,147883, 492
list-none-none,1,1000,1,3000,3077297, 1025
list-none-none,1,10000,1,30000,278947409, 9298
list-none-none,1,20000,1,60000,1101171444, 18352
list-none-none,2,1,1,6,200978, 33496
list-none-none,1,10,1,30,144950, 4831
list-none-none,1,100,1,300,147174, 490
list-none-none,1,1000,1,3000,3154921, 1051
list-none-none,1,10000,1,30000,280346577, 9344
list-none-none,1,20000,1,60000,1103823604, 18397
list-none-none,2,1,1,6,198153, 33025
list-none-none,2,10,1,60,152415, 2540
list-none-none,1,10,1,30,150723, 5024
list-none-none,1,100,1,300,147793, 492
list-none-none,1,1000,1,3000,3149181, 1049
list-none-none,1,10000,1,30000,285432774, 9514
list-none-none,1,20000,1,60000,1110271495, 18504
list-none-none,2,1,1,6,261021, 43503
list-none-none,1,10,1,30,124258, 4141
list-none-none,1,100,1,300,136459, 454
list-none-none,1,1000,1,3000,3076869, 1025
list-none-none,1,10000,1,30000,264776550, 8825
list-none-none,1,20000,1,60000,1094457522, 18240
list-none-none,2,1,1,6,217992, 36332
list-none-none,1,10,1,30,119192, 3973
list-none-none,1,100,1,300,168653, 562
list-none-none,1,1000,1,3000,3157856, 1052
list-none-none,1,10000,1,30000,281105531, 9370
list-none-none,1,20000,1,60000,1107675332, 18461
list-none-none,2,1,1,6,118725, 19787
list-none-none,2,10,1,60,172529, 2875
list-none-none,1,10,1,30,148684, 4956
list-none-none,1,100,1,300,169002, 563
list-none-none,1,1000,1,3000,3121125, 1040
list-none-none,1,10000,1,30000,282668820, 9422
list-none-none,1,20000,1,60000,1107571305, 18459
list-none-none,2,1,1,6,142858, 23809
list-none-none,1,10,1,30,113924, 3797
list-none-none,1,100,1,300,183293, 610
list-none-none,1,1000,1,3000,3156076, 1052
list-none-none,1,10000,1,30000,278393066, 9279
list-none-none,1,20000,1,60000,1106907762, 18448
list-none-none,2,1,1,6,153421, 25570
list-none-none,1,10,1,30,148217, 4940
list-none-none,1,100,1,300,165074, 550
list-none-none,1,1000,1,3000,3051919, 1017
list-none-none,1,10000,1,30000,274119359, 9137
list-none-none,1,20000,1,60000,1118025741, 18633
list-none-none,2,1,1,6,191284, 31880
list-none-none,4,1,1,12,223867, 18655
list-none-none,8,1,1,24,1094486, 45603
list-none-none,12,1,1,36,864059, 24001
list-none-none,12,10,1,360,1205766, 3349
list-i-none,2,1,1,6,137587, 22931
list-i-none,2,2,1,12,189760, 15813
list-i-none,2,4,1,24,239507, 9979
list-i-none,2,8,1,48,196350, 4090
list-i-none,4,1,1,12,499274, 41606
list-i-none,4,2,1,24,224705, 9362
list-i-none,4,4,1,48,177195, 3691
list-i-none,4,8,1,96,216189, 2251
list-i-none,2,1,1,6,118974, 19829
list-i-none,2,2,1,12,188003, 15666
list-i-none,2,4,1,24,145224, 6051
list-i-none,2,8,1,48,203435, 4238
list-i-none,2,16,1,96,161178, 1678
list-d-none,2,1,1,6,117069, 19511
list-d-none,2,2,1,12,143039, 11919
list-d-none,4,1,1,12,217672, 18139
list-d-none,4,2,1,24,195608, 8150
list-d-none,4,4,1,48,208289, 4339
list-d-none,2,1,1,6,134365, 22394
list-d-none,2,2,1,12,186074, 15506
list-d-none,2,8,1,48,158659, 3305
list-d-none,2,16,1,96,201361, 2097
list-il-none,2,1,1,6,147430, 24571
list-il-none,2,2,1,12,203789, 16982
list-il-none,2,4,1,24,141776, 5907
list-il-none,4,1,1,12,218228, 18185
list-il-none,4,2,1,24,259065, 10794
list-il-none,4,4,1,48,179157, 3732
list-il-none,2,1,1,6,185453, 30908
list-il-none,2,2,1,12,186077, 15506
list-il-none,2,4,1,24,179991, 7499
list-il-none,2,16,1,96,178178, 1856
list-dl-none,2,1,1,6,175656, 29276
list-dl-none,2,2,1,12,244485, 20373
list-dl-none,2,4,1,24,173961, 7248
list-dl-none,2,8,1,48,185446, 3863
list-dl-none,2,16,1,96,177106, 1844
list-dl-none,4,1,1,12,200395, 16699
list-dl-none,4,2,1,24,516426, 21517
list-dl-none,4,4,1,48,589891, 12289
list-dl-none,2,1,1,6,151457, 25242
list-dl-none,2,2,1,12,173021, 14418
list-dl-none,2,4,1,24,160585, 6691
list-i-m,12,32,1,1152,891059, 773
list-d-m,12,32,1,1152,471991, 409
list-il-m,12,32,1,1152,1406429, 1220
list-dl-m,12,32,1,1152,1135991, 986
list-i-s,12,32,1,1152,967606, 839
list-d-s,12,32,1,1152,1225862, 1064
list-il-s,12,32,1,1152,1274072, 1105
list-dl-s,12,32,1,1152,1186270, 1029
list-none-none,1,1000,1,3000,3152693, 1050
list-none-m,1,1000,1,3000,3114918, 1038
list-none-m,2,1000,1,6000,16854620, 2809
list-none-m,4,1000,1,12000,70778391, 5898
list-none-m,8,1000,1,24000,263988020, 10999
list-none-m,12,1000,1,36000,495858095, 13773
list-none-m,16,1000,1,48000,744063664, 15501
list-none-m,24,1000,1,72000,1140194892, 15836
list-none-s,1,1000,1,3000,3254509, 1084
list-none-s,2,1000,1,6000,12549480, 2091
list-none-s,4,1000,1,12000,29380970, 2448
list-none-s,8,1000,1,24000,179219085, 7467
list-none-s,12,1000,1,36000,301798417, 8383
list-none-s,16,1000,1,48000,501122994, 10440
list-none-s,24,1000,1,72000,1013342729, 14074
list-none-none,1,10,1,30,137060, 4568
list-none-none,1,100,1,300,141652, 472
list-none-none,1,1000,1,3000,3107314, 1035
list-none-none,1,10000,1,30000,280114466, 9337
list-none-none,1,20000,1,60000,1099928925, 18332
list-none-none,2,1,1,6,213237, 35539
list-none-none,1,10,1,30,142614, 4753
list-none-none,1,100,1,300,163488, 544
list-none-none,1,1000,1,3000,3149429, 1049
list-none-none,1,10000,1,30000,278594635, 9286
list-none-none,1,20000,1,60000,1102186837, 18369
list-none-none,2,1,1,6,199313, 33218
list-none-none,4,1,1,12,210084, 17507
list-none-none,8,1,1,24,753692, 31403
list-none-none,8,10,1,240,1153177, 4804
list-none-none,12,1,1,36,781468, 21707
list-none-none,12,10,1,360,1187215, 3297
list-i-none,2,1,1,6,102870, 17145
list-i-none,2,2,1,12,147521, 12293
list-i-none,2,4,1,24,176212, 7342
list-i-none,2,8,1,48,148554, 3094
list-i-none,4,1,1,12,198685, 16557
list-i-none,4,2,1,24,205352, 8556
list-i-none,4,4,1,48,215769, 4495
list-i-none,4,8,1,96,224191, 2335
list-i-none,2,1,1,6,198733, 33122
list-i-none,2,2,1,12,144071, 12005
list-i-none,2,4,1,24,138127, 5755
list-i-none,2,8,1,48,164966, 3436
list-d-none,2,1,1,6,155277, 25879
list-d-none,2,2,1,12,137194, 11432
list-d-none,2,4,1,24,148209, 6175
list-d-none,2,16,1,96,204244, 2127
list-d-none,4,1,1,12,161501, 13458
list-d-none,4,2,1,24,223371, 9307
list-d-none,4,4,1,48,214421, 4467
list-d-none,2,1,1,6,197696, 32949
list-d-none,2,2,1,12,190158, 15846
list-d-none,2,8,1,48,197584, 4116
list-il-none,2,1,1,6,120636, 20106
list-il-none,2,2,1,12,198552, 16546
list-il-none,2,4,1,24,141665, 5902
list-il-none,2,16,1,96,209244, 2179
list-il-none,4,1,1,12,183673, 15306
list-il-none,4,2,1,24,234316, 9763
list-il-none,4,4,1,48,207113, 4314
list-il-none,4,8,1,96,192285, 2002
list-il-none,2,1,1,6,196898, 32816
list-il-none,2,2,1,12,121789, 10149
list-il-none,2,4,1,24,152347, 6347
list-il-none,2,8,1,48,150165, 3128
list-il-none,2,16,1,96,201302, 2096
list-dl-none,2,1,1,6,115306, 19217
list-dl-none,2,2,1,12,130673, 10889
list-dl-none,2,4,1,24,191716, 7988
list-dl-none,2,16,1,96,206193, 2147
list-dl-none,4,1,1,12,509623, 42468
list-dl-none,4,2,1,24,184011, 7667
list-dl-none,4,4,1,48,501687, 10451
list-dl-none,2,1,1,6,140856, 23476
list-dl-none,2,2,1,12,183202, 15266
list-dl-none,2,4,1,24,192775, 8032
list-dl-none,2,8,1,48,203681, 4243
list-dl-none,2,16,1,96,152044, 1583
list-i-m,12,32,1,1152,1167769, 1013
list-d-m,12,32,1,1152,1974840, 1714
list-il-m,12,32,1,1152,1095575, 951
list-dl-m,12,32,1,1152,1164233, 1010
list-i-s,12,32,1,1152,1130374, 981
list-d-s,12,32,1,1152,1159905, 1006
list-il-s,12,32,1,1152,1205424, 1046
list-dl-s,12,32,1,1152,1160457, 1007
list-none-none,1,1000,1,3000,3156813, 1052
list-none-m,1,1000,1,3000,3198826, 1066
list-none-m,2,1000,1,6000,16173990, 2695
list-none-m,4,1000,1,12000,70267077, 5855
list-none-m,8,1000,1,24000,271799784, 11324
list-none-m,12,1000,1,36000,513367089, 14260
list-none-m,16,1000,1,48000,779227421, 16233
list-none-m,24,1000,1,72000,1218503287, 16923
list-none-s,1,1000,1,3000,3141614, 1047
list-none-s,2,1000,1,6000,8303456, 1383
list-none-s,4,1000,1,12000,38109809, 3175
list-none-s,8,1000,1,24000,115576888, 4815
list-none-s,12,1000,1,36000,299001181, 8305
list-none-s,16,1000,1,48000,489831002, 10204
list-none-s,24,1000,1,72000,885910754, 12304
list-none-none,1,10,1,30,143616, 4787
list-none-none,1,100,1,300,173523, 578
list-none-none,1,1000,1,3000,3105038, 1035
list-none-none,1,10000,1,30000,286581030, 9552
list-none-none,1,20000,1,60000,1174951994, 19582
list-none-none,2,1,1,6,119021, 19836
list-none-none,4,1,1,12,867166, 72263
list-none-none,4,10,1,120,210927, 1757
list-none-none,8,1,1,24,245233, 10218
list-none-none,8,10,1,240,1107584, 4614
list-none-none,12,1,1,36,735299, 20424
list-none-none,12,10,1,360,1074952, 2985
list-i-none,2,1,1,6,154935, 25822
list-i-none,2,2,1,12,147241, 12270
list-i-none,2,4,1,24,198919, 8288
list-i-none,2,8,1,48,156821, 3267
list-i-none,4,1,1,12,201411, 16784
list-i-none,4,2,1,24,167545, 6981
list-i-none,4,4,1,48,205837, 4288
list-i-none,4,8,1,96,201796, 2102
list-i-none,2,1,1,6,111099, 18516
list-i-none,2,2,1,12,146959, 12246
list-i-none,2,4,1,24,165452, 6893
list-i-none,2,8,1,48,177933, 3706
list-d-none,2,1,1,6,163441, 27240
list-d-none,2,2,1,12,126011, 10500
list-d-none,2,4,1,24,159831, 6659
list-d-none,4,1,1,12,179779, 14981
list-d-none,4,2,1,24,224353, 9348
list-d-none,4,4,1,48,183209, 3816
list-d-none,2,1,1,6,127845, 21307
list-d-none,2,2,1,12,117734, 9811
list-d-none,2,4,1,24,155960, 6498
list-il-none,2,1,1,6,126574, 21095
list-il-none,2,2,1,12,120156, 10013
list-il-none,2,8,1,48,197797, 4120
list-il-none,4,1,1,12,177437, 14786
list-il-none,4,2,1,24,144306, 6012
list-il-none,4,4,1,48,171705, 3577
list-il-none,4,8,1,96,218900, 2280
list-il-none,2,1,1,6,145289, 24214
list-il-none,2,2,1,12,166317, 13859
list-il-none,2,4,1,24,158439, 6601
list-il-none,2,8,1,48,155425, 3238
list-dl-none,2,1,1,6,118397, 19732
list-dl-none,2,2,1,12,123525, 10293
list-dl-none,2,4,1,24,156892, 6537
list-dl-none,2,8,1,48,177234, 3692
list-dl-none,4,1,1,12,172966, 14413
list-dl-none,4,2,1,24,163609, 6817
list-dl-none,4,4,1,48,526660, 10972
list-dl-none,4,8,1,96,166247, 1731
list-dl-none,2,1,1,6,121694, 20282
list-dl-none,2,2,1,12,113465, 9455
list-dl-none,2,8,1,48,154859, 3226
list-dl-none,2,16,1,96,182913, 1905
list-i-m,12,32,1,1152,1203892, 1045
list-d-m,12,32,1,1152,1193738, 1036
list-il-m,12,32,1,1152,1842952, 1599
list-dl-m,12,32,1,1152,1094040, 949
list-i-s,12,32,1,1152,914816, 794
list-d-s,12,32,1,1152,1145243, 994
list-il-s,12,32,1,1152,1824710, 1583
list-dl-s,12,32,1,1152,758114, 658
list-none-none,1,1000,1,3000,3131618, 1043
list-none-m,1,1000,1,3000,3201087, 1067
list-none-m,2,1000,1,6000,18829161, 3138
list-none-m,4,1000,1,12000,74265331, 6188
list-none-m,8,1000,1,24000,267200123, 11133
list-none-m,12,1000,1,36000,531986073, 14777
list-none-m,16,1000,1,48000,824806128, 17183
list-none-m,24,1000,1,72000,1184017259, 16444
list-none-s,1,1000,1,3000,3125563, 1041
list-none-s,2,1000,1,6000,13740870, 2290
list-none-s,4,1000,1,12000,56739057, 4728
list-none-s,8,1000,1,24000,167229563, 6967
list-none-s,12,1000,1,36000,447552405, 12432
list-none-s,16,1000,1,48000,462048457, 9626
list-none-s,24,1000,1,72000,679769309, 9441
list-none-none,1,10,1,30,143534, 4784
list-none-none,1,100,1,300,173089, 576
list-none-none,1,1000,1,3000,3152379, 1050
list-none-none,1,10000,1,30000,278670003, 9289
list-none-none,1,20000,1,60000,1099531891, 18325
list-none-none,2,1,1,6,194476, 32412
list-none-none,4,1,1,12,230275, 19189
list-none-none,8,1,1,24,1020134, 42505
list-none-none,8,10,1,240,391953, 1633
list-none-none,12,1,1,36,789567, 21932
list-none-none,12,10,1,360,849259, 2359
list-i-none,2,1,1,6,183109, 30518
list-i-none,2,2,1,12,154848, 12904
list-i-none,2,8,1,48,144834, 3017
list-i-none,4,1,1,12,262153, 21846
list-i-none,4,2,1,24,178876, 7453
list-i-none,4,4,1,48,550959, 11478
list-i-none,4,8,1,96,196571, 2047
list-i-none,2,1,1,6,129081, 21513
list-i-none,2,2,1,12,178519, 14876
list-i-none,2,4,1,24,155937, 6497
list-d-none,2,1,1,6,192064, 32010
list-d-none,2,2,1,12,151181, 12598
list-d-none,2,4,1,24,190331, 7930
list-d-none,4,1,1,12,941746, 78478
list-d-none,4,2,1,24,250657, 10444
list-d-none,4,4,1,48,260918, 5435
list-d-none,4,8,1,96,289672, 3017
list-d-none,2,1,1,6,192513, 32085
list-d-none,2,2,1,12,142420, 11868
list-il-none,2,1,1,6,193712, 32285
list-il-none,2,2,1,12,188758, 15729
list-il-none,2,4,1,24,141581, 5899
list-il-none,2,16,1,96,212605, 2214
list-il-none,4,1,1,12,214600, 17883
list-il-none,4,2,1,24,172273, 7178
list-il-none,4,4,1,48,212272, 4422
list-il-none,2,1,1,6,143749, 23958
list-il-none,2,2,1,12,178437, 14869
list-il-none,2,4,1,24,187052, 7793
list-dl-none,2,1,1,6,176584, 29430
list-dl-none,2,2,1,12,128839, 10736
list-dl-none,2,8,1,48,187552, 3907
list-dl-none,4,1,1,12,219318, 18276
list-dl-none,4,2,1,24,239443, 9976
list-dl-none,4,4,1,48,149263, 3109
list-dl-none,4,8,1,96,192078, 2000
list-dl-none,2,1,1,6,192879, 32146
list-dl-none,2,2,1,12,184776, 15398
list-dl-none,2,4,1,24,172018, 7167
list-i-m,12,32,1,1152,947435, 822
list-d-m,12,32,1,1152,806382, 699
list-il-m,12,32,1,1152,851787, 739
list-dl-m,12,32,1,1152,1846326, 1602
list-i-s,12,32,1,1152,1234193, 1071
list-d-s,12,32,1,1152,572849, 497
list-il-s,12,32,1,1152,2476426, 2149
list-dl-s,12,32,1,1152,907043, 787
list-none-none,1,1000,1,3000,3168087, 1056
list-none-m,1,1000,1,3000,3192281, 1064
list-none-m,2,1000,1,6000,17273738, 2878
list-none-m,4,1000,1,12000,70562414, 5880
list-none-m,8,1000,1,24000,264979742, 11040
list-none-m,12,1000,1,36000,424070636, 11779
list-none-m,16,1000,1,48000,795416293, 16571
list-none-m,24,1000,1,72000,1226495096, 17034
list-none-s,1,1000,1,3000,3142057, 1047
list-none-s,2,1000,1,6000,14442684, 2407
list-none-s,4,1000,1,12000,25647517, 2137
list-none-s,8,1000,1,24000,121817555, 5075
list-none-s,12,1000,1,36000,349870019, 9718
list-none-s,16,1000,1,48000,418696666, 8722
list-none-s,24,1000,1,72000,725773632, 10080
list-none-none,1,10,1,30,128761, 4292
list-none-none,1,100,1,300,179556, 598
list-none-none,1,1000,1,3000,3078433, 1026
list-none-none,1,10000,1,30000,285263599, 9508
list-none-none,1,20000,1,60000,1105923398, 18432
list-none-none,2,1,1,6,174621, 29103
list-none-none,1,10,1,30,146087, 4869
list-none-none,1,100,1,300,159400, 531
list-none-none,1,1000,1,3000,3144075, 1048
list-none-none,1,10000,1,30000,284919585, 9497
list-none-none,1,20000,1,60000,1104320808, 18405
list-none-none,2,1,1,6,192551, 32091
list-none-none,2,10,1,60,148549, 2475
list-none-none,4,1,1,12,215658, 17971
list-none-none,8,1,1,24,659825, 27492
list-none-none,12,1,1,36,823605, 22877
list-none-none,12,10,1,360,1195515, 3320
list-i-none,2,1,1,6,132399, 22066
list-i-none,2,2,1,12,114947, 9578
list-i-none,4,1,1,12,230218, 19184
list-i-none,4,2,1,24,184801, 7700
list-i-none,4,4,1,48,250043, 5209
list-i-none,4,8,1,96,234317, 2440
list-i-none,2,1,1,6,171616, 28602
list-i-none,2,2,1,12,193247, 16103
list-d-none,2,1,1,6,112653, 18775
list-d-none,2,2,1,12,192797, 16066
list-d-none,2,4,1,24,174429, 7267
list-d-none,4,1,1,12,258056, 21504
list-d-none,4,2,1,24,510563, 21273
list-d-none,4,4,1,48,251978, 5249
list-d-none,4,8,1,96,551779, 5747
list-d-none,4,16,1,192,2256510, 11752
list-d-none,2,1,1,6,194902, 32483
list-d-none,2,2,1,12,164326, 13693
list-d-none,2,4,1,24,173128, 7213
list-il-none,2,1,1,6,116428, 19404
list-il-none,2,2,1,12,188578, 15714
list-il-none,2,4,1,24,209399, 8724
list-il-none,4,1,1,12,219388, 18282
list-il-none,4,2,1,24,230005, 9583
list-il-none,4,4,1,48,175840, 3663
list-il-none,4,8,1,96,227783, 2372
list-il-none,2,1,1,6,136908, 22818
list-il-none,2,2,1,12,195171, 16264
list-il-none,2,4,1,24,184307, 7679
list-il-none,2,8,1,48,148971, 3103
list-dl-none,2,1,1,6,114518, 19086
list-dl-none,2,2,1,12,250777, 20898
list-dl-none,2,4,1,24,188206, 7841
list-dl-none,4,1,1,12,595289, 49607
list-dl-none,4,2,1,24,821529, 34230
list-dl-none,4,4,1,48,222769, 4641
list-dl-none,4,8,1,96,226073, 2354
list-dl-none,2,1,1,6,181793, 30298
list-dl-none,2,2,1,12,178282, 14856
list-dl-none,2,4,1,24,168634, 7026
list-i-m,12,32,1,1152,499329, 433
list-d-m,12,32,1,1152,872868, 757
list-il-m,12,32,1,1152,752142, 652
list-dl-m,12,32,1,1152,883346, 766
list-i-s,12,32,1,1152,1186848, 1030
list-d-s,12,32,1,1152,503229, 436
list-il-s,12,32,1,1152,1901461, 1650
list-dl-s,12,32,1,1152,1250670, 1085
list-none-none,1,1000,1,3000,3216932, 1072
list-none-m,1,1000,1,3000,3195365, 1065
list-none-m,2,1000,1,6000,16752736, 2792
list-none-m,4,1000,1,12000,73075858, 6089
list-none-m,8,1000,1,24000,269504460, 11229
list-none-m,12,1000,1,36000,483415952, 13428
list-none-m,16,1000,1,48000,749414558, 15612
list-none-m,24,1000,1,72000,1189542600, 16521
list-none-s,1,1000,1,3000,3178269, 1059
list-none-s,2,1000,1,6000,13612312, 2268
list-none-s,4,1000,1,12000,51926560, 4327
list-none-s,8,1000,1,24000,113161787, 4715
list-none-s,12,1000,1,36000,253003425, 7027
list-none-s,16,1000,1,48000,465665713, 9701
list-none-s,24,1000,1,72000,1030164374, 14307
list-none-none,1,10,1,30,165156, 5505
list-none-none,1,100,1,300,181733, 605
list-none-none,1,1000,1,3000,3167884, 1055
list-none-none,1,10000,1,30000,281376362, 9379
list-none-none,1,20000,1,60000,1122671260, 18711
list-none-none,2,1,1,6,188621, 31436
list-none-none,2,10,1,60,140828, 2347
list-none-none,4,1,1,12,193356, 16113
list-none-none,8,1,1,24,1035276, 43136
list-none-none,8,10,1,240,390645, 1627
list-none-none,12,1,1,36,770124, 21392
list-none-none,12,10,1,360,1118976, 3108
list-i-none,2,1,1,6,183125, 30520
list-i-none,2,2,1,12,206824, 17235
list-i-none,2,4,1,24,180348, 7514
list-i-none,2,16,1,96,174186, 1814
list-i-none,4,1,1,12,246034, 20502
list-i-none,4,2,1,24,154532, 6438
list-i-none,4,4,1,48,202652, 4221
list-i-none,4,8,1,96,208975, 2176
list-i-none,2,1,1,6,138525, 23087
list-i-none,2,2,1,12,173556, 14463
list-i-none,2,4,1,24,149844, 6243
list-i-none,2,16,1,96,198648, 2069
list-d-none,2,1,1,6,136048, 22674
list-d-none,2,2,1,12,173834, 14486
list-d-none,2,4,1,24,176001, 7333
list-d-none,4,1,1,12,214341, 17861
list-d-none,4,2,1,24,156283, 6511
list-d-none,4,4,1,48,238368, 4966
list-d-none,2,1,1,6,136313, 22718
list-d-none,2,2,1,12,227878, 18989
list-il-none,2,1,1,6,123967, 20661
list-il-none,2,2,1,12,156135, 13011
list-il-none,2,4,1,24,175669, 7319
list-il-none,4,1,1,12,224962, 18746
list-il-none,4,2,1,24,248596, 10358
list-il-none,4,4,1,48,184778, 3849
list-il-none,4,8,1,96,226247, 2356
list-il-none,2,1,1,6,175566, 29261
list-il-none,2,2,1,12,140959, 11746
list-il-none,2,4,1,24,163372, 6807
list-il-none,2,8,1,48,167226, 3483
list-dl-none,2,1,1,6,183737, 30622
list-dl-none,2,2,1,12,165985, 13832
list-dl-none,2,4,1,24,148200, 6175
list-dl-none,2,16,1,96,199772, 2080
list-dl-none,4,1,1,12,952177, 79348
list-dl-none,4,2,1,24,232844, 9701
list-dl-none,4,4,1,48,256879, 5351
list-dl-none,2,1,1,6,184622, 30770
list-dl-none,2,2,1,12,192238, 16019
list-dl-none,2,4,1,24,202183, 8424
list-i-m,12,32,1,1152,916472, 795
list-d-m,12,32,1,1152,1261364, 1094
list-il-m,12,32,1,1152,1426091, 1237
list-dl-m,12,32,1,1152,1234170, 1071
list-i-s,12,32,1,1152,1155651, 1003
list-d-s,12,32,1,1152,1215474, 1055
list-il-s,12,32,1,1152,874737, 759
list-dl-s,12,32,1,1152,1922272, 1668
list-none-none,1,1000,1,3000,3208173, 1069
list-none-m,1,1000,1,3000,3239041, 1079
list-none-m,2,1000,1,6000,16646484, 2774
list-none-m,4,1000,1,12000,69819061, 5818
list-none-m,8,1000,1,24000,271456530, 11310
list-none-m,12,1000,1,36000,507197021, 14088
list-none-m,16,1000,1,48000,770265452, 16047
list-none-m,24,1000,1,72000,1284677851, 17842
list-none-s,1,1000,1,3000,3178077, 1059
list-none-s,2,1000,1,6000,12654123, 2109
list-none-s,4,1000,1,12000,58674404, 4889
list-none-s,8,1000,1,24000,125265695, 5219
list-none-s,12,1000,1,36000,220586105, 6127
list-none-s,16,1000,1,48000,440835619, 9184
list-none-s,24,1000,1,72000,867035085, 12042
list-none-none,1,10,1,30,99670, 3322
list-none-none,1,100,1,300,134274, 447
list-none-none,1,1000,1,3000,3107160, 1035
list-none-none,1,10000,1,30000,280165366, 9338
list-none-none,1,20000,1,60000,1100993278, 18349
list-none-none,2,1,1,6,214155, 35692
list-none-none,4,1,1,12,236084, 19673
list-none-none,4,10,1,120,223063, 1858
list-none-none,8,1,1,24,1053733, 43905
list-none-none,8,10,1,240,1040277, 4334
list-none-none,12,1,1,36,1960822, 54467
list-none-none,12,10,1,360,1271062, 3530
list-i-none,2,1,1,6,117319, 19553
list-i-none,2,2,1,12,148719, 12393
list-i-none,2,4,1,24,187258, 7802
list-i-none,2,8,1,48,199667, 4159
list-i-none,2,16,1,96,198378, 2066
list-i-none,4,1,1,12,210956, 17579
list-i-none,4,2,1,24,213619, 8900
list-i-none,4,4,1,48,535061, 11147
list-i-none,4,8,1,96,219823, 2289
list-i-none,2,1,1,6,133652, 22275
list-i-none,2,2,1,12,171696, 14308
list-i-none,2,4,1,24,186154, 7756
list-i-none,2,8,1,48,149506, 3114
list-d-none,2,1,1,6,187919, 31319
list-d-none,2,2,1,12,184744, 15395
list-d-none,4,1,1,12,212187, 17682
list-d-none,4,2,1,24,234130, 9755
list-d-none,4,4,1,48,171362, 3570
list-d-none,4,8,1,96,241579, 2516
list-d-none,2,1,1,6,144448, 24074
list-d-none,2,2,1,12,191400, 15950
list-d-none,2,16,1,96,196700, 2048
list-il-none,2,1,1,6,116614, 19435
list-il-none,2,2,1,12,150402, 12533
list-il-none,2,4,1,24,170052, 7085
list-il-none,2,16,1,96,174101, 1813
list-il-none,4,1,1,12,216108, 18009
list-il-none,4,2,1,24,667729, 27822
list-il-none,4,4,1,48,209441, 4363
list-il-none,4,8,1,96,257040, 2677
list-il-none,2,1,1,6,194891, 32481
list-il-none,2,2,1,12,190600, 15883
list-il-none,2,4,1,24,182274, 7594
list-il-none,2,8,1,48,173656, 3617
list-il-none,2,16,1,96,211412, 2202
list-dl-none,2,1,1,6,165450, 27575
list-dl-none,2,2,1,12,184577, 15381
list-dl-none,2,4,1,24,190453, 7935
list-dl-none,2,16,1,96,186232, 1939
list-dl-none,4,1,1,12,212392, 17699
list-dl-none,4,2,1,24,523391, 21807
list-dl-none,4,4,1,48,227733, 4744
list-dl-none,4,8,1,96,267531, 2786
list-dl-none,2,1,1,6,160081, 26680
list-dl-none,2,2,1,12,138456, 11538
list-dl-none,2,4,1,24,178639, 7443
list-i-m,12,32,1,1152,770909, 669
list-d-m,12,32,1,1152,830372, 720
list-il-m,12,32,1,1152,825847, 716
list-dl-m,12,32,1,1152,1148387, 996
list-i-s,12,32,1,1152,1233663, 1070
list-d-s,12,32,1,1152,1263338, 1096
list-il-s,12,32,1,1152,1923636, 1669
list-dl-s,12,32,1,1152,1692350, 1469
list-none-none,1,1000,1,3000,3181650, 1060
list-none-m,1,1000,1,3000,3165364, 1055
list-none-m,2,1000,1,6000,16863083, 2810
list-none-m,4,1000,1,12000,67189456, 5599
list-none-m,8,1000,1,24000,269359380, 11223
list-none-m,12,1000,1,36000,495387786, 13760
list-none-m,16,1000,1,48000,789128910, 16440
list-none-m,24,1000,1,72000,1221316381, 16962
list-none-s,1,1000,1,3000,3102051, 1034
list-none-s,2,1000,1,6000,14915692, 2485
list-none-s,4,1000,1,12000,37858021, 3154
list-none-s,8,1000,1,24000,214690223, 8945
list-none-s,12,1000,1,36000,220800773, 6133
list-none-s,16,1000,1,48000,630303521, 13131
list-none-s,24,1000,1,72000,811624214, 11272
list-none-none,1,10,1,30,136271, 4542
list-none-none,1,100,1,300,184963, 616
list-none-none,1,1000,1,3000,3102535, 1034
list-none-none,1,10000,1,30000,280616853, 9353
list-none-none,1,20000,1,60000,1102754924, 18379
list-none-none,2,1,1,6,189050, 31508
list-none-none,2,10,1,60,168966, 2816
list-none-none,1,10,1,30,136893, 4563
list-none-none,1,100,1,300,143548, 478
list-none-none,1,1000,1,3000,3160150, 1053
list-none-none,1,10000,1,30000,285329080, 9510
list-none-none,1,20000,1,60000,1098357235, 18305
list-none-none,2,1,1,6,170994, 28499
list-none-none,4,1,1,12,209939, 17494
list-none-none,8,1,1,24,717024, 29876
list-none-none,8,10,1,240,316188, 1317
list-none-none,12,1,1,36,789245, 21923
list-none-none,12,10,1,360,1093475, 3037
list-i-none,2,1,1,6,141404, 23567
list-i-none,2,2,1,12,180595, 15049
list-i-none,2,4,1,24,157202, 6550
list-i-none,4,1,1,12,189352, 15779
list-i-none,4,2,1,24,172468, 7186
list-i-none,4,4,1,48,219219, 4567
list-i-none,4,8,1,96,250268, 2606
list-i-none,2,1,1,6,114226, 19037
list-i-none,2,2,1,12,211018, 17584
list-i-none,2,4,1,24,151375, 6307
list-i-none,2,8,1,48,180321, 3756
list-i-none,2,16,1,96,150674, 1569
list-d-none,2,1,1,6,139115, 23185
list-d-none,2,2,1,12,187263, 15605
list-d-none,2,16,1,96,157805, 1643
list-d-none,4,1,1,12,223000, 18583
list-d-none,4,2,1,24,182445, 7601
list-d-none,4,4,1,48,566202, 11795
list-d-none,4,8,1,96,233063, 2427
list-d-none,2,1,1,6,1039404, 173234
list-d-none,2,2,1,12,114452, 9537
list-d-none,2,4,1,24,138488, 5770
list-d-none,2,8,1,48,210670, 4388
list-il-none,2,1,1,6,146414, 24402
list-il-none,2,2,1,12,195311, 16275
list-il-none,2,4,1,24,179402, 7475
list-il-none,2,8,1,48,188206, 3920
list-il-none,2,16,1,96,204265, 2127
list-il-none,4,1,1,12,235015, 19584
list-il-none,4,2,1,24,187441, 7810
list-il-none,4,4,1,48,222625, 4638
list-il-none,4,8,1,96,270653, 2819
list-il-none,2,1,1,6,137923, 22987
list-il-none,2,2,1,12,160752, 13396
list-il-none,2,4,1,24,182703, 7612
list-dl-none,2,1,1,6,168892, 28148
list-dl-none,2,2,1,12,168769, 14064
list-dl-none,2,4,1,24,141960, 5915
list-dl-none,4,1,1,12,193806, 16150
list-dl-none,4,2,1,24,975339, 40639
list-dl-none,4,4,1,48,223057, 4647
list-dl-none,2,1,1,6,164775, 27462
list-dl-none,2,2,1,12,178429, 14869
list-dl-none,2,4,1,24,184987, 7707
list-i-m,12,32,1,1152,931053, 808
list-d-m,12,32,1,1152,487128, 422
list-il-m,12,32,1,1152,1227591, 1065
list-dl-m,12,32,1,1152,1226234, 1064
list-i-s,12,32,1,1152,1201838, 1043
list-d-s,12,32,1,1152,2300081, 1996
list-il-s,12,32,1,1152,1171012, 1016
list-dl-s,12,32,1,1152,2378664, 2064
list-none-none,1,1000,1,3000,3091024, 1030
list-none-m,1,1000,1,3000,3200479, 1066
list-none-m,2,1000,1,6000,16939592, 2823
list-none-m,4,1000,1,12000,69470224, 5789
list-none-m,8,1000,1,24000,273198120, 11383
list-none-m,12,1000,1,36000,457385975, 12705
list-none-m,16,1000,1,48000,758736955, 15807
list-none-m,24,1000,1,72000,1118732130, 15537
list-none-s,1,1000,1,3000,3125868, 1041
list-none-s,2,1000,1,6000,14064071, 2344
list-none-s,4,1000,1,12000,52896983, 4408
list-none-s,8,1000,1,24000,164501859, 6854
list-none-s,12,1000,1,36000,222314869, 6175
list-none-s,16,1000,1,48000,639076798, 13314
list-none-s,24,1000,1,72000,1072731755, 14899
list-none-none,1,10,1,30,142377, 4745
list-none-none,1,100,1,300,201208, 670
list-none-none,1,1000,1,3000,3107249, 1035
list-none-none,1,10000,1,30000,280511779, 9350
list-none-none,1,20000,1,60000,1102508129, 18375
list-none-none,2,1,1,6,163530, 27255
list-none-none,4,1,1,12,229754, 19146
list-none-none,4,10,1,120,262440, 2187
list-none-none,8,1,1,24,341853, 14243
list-none-none,12,1,1,36,720091, 20002
list-none-none,12,10,1,360,1207973, 3355
list-i-none,2,1,1,6,172801, 28800
list-i-none,2,2,1,12,137905, 11492
list-i-none,2,4,1,24,182610, 7608
list-i-none,2,8,1,48,182931, 3811
list-i-none,2,16,1,96,163053, 1698
list-i-none,4,1,1,12,172643, 14386
list-i-none,4,2,1,24,203998, 8499
list-i-none,4,4,1,48,219528, 4573
list-i-none,4,8,1,96,906838, 9446
list-i-none,2,1,1,6,198854, 33142
list-i-none,2,2,1,12,139993, 11666
list-i-none,2,4,1,24,195556, 8148
list-i-none,2,8,1,48,149547, 3115
list-d-none,2,1,1,6,180035, 30005
list-d-none,2,2,1,12,143660, 11971
list-d-none,2,4,1,24,156198, 6508
list-d-none,4,1,1,12,207867, 17322
list-d-none,4,2,1,24,960365, 40015
list-d-none,4,4,1,48,235248, 4901
list-d-none,2,1,1,6,174568, 29094
list-d-none,2,2,1,12,194992, 16249
list-il-none,2,1,1,6,237240, 39540
list-il-none,2,2,1,12,187310, 15609
list-il-none,2,4,1,24,182485, 7603
list-il-none,2,8,1,48,163917, 3414
list-il-none,4,1,1,12,217140, 18095
list-il-none,4,2,1,24,218293, 9095
list-il-none,4,4,1,48,206919, 4310
list-il-none,2,1,1,6,186507, 31084
list-il-none,2,2,1,12,167528, 13960
list-il-none,2,4,1,24,178848, 7452
list-il-none,2,8,1,48,169449, 3530
list-il-none,2,16,1,96,232720, 2424
list-dl-none,2,1,1,6,174279, 29046
list-dl-none,2,2,1,12,172040, 14336
list-dl-none,2,4,1,24,171819, 7159
list-dl-none,2,16,1,96,226143, 2355
list-dl-none,4,1,1,12,966728, 80560
list-dl-none,4,2,1,24,246048, 10252
list-dl-none,4,4,1,48,206856, 4309
list-dl-none,4,8,1,96,557933, 5811
list-dl-none,2,1,1,6,182186, 30364
list-dl-none,2,2,1,12,185470, 15455
list-dl-none,2,4,1,24,181937, 7580
list-dl-none,2,16,1,96,183828, 1914
list-i-m,12,32,1,1152,858365, 745
list-d-m,12,32,1,1152,1294252, 1123
list-il-m,12,32,1,1152,597954, 519
list-dl-m,12,32,1,1152,1214515, 1054
list-i-s,12,32,1,1152,1198134, 1040
list-d-s,12,32,1,1152,1271947, 1104
list-il-s,12,32,1,1152,1135440, 985
list-dl-s,12,32,1,1152,1344543, 1167
list-none-none,1,1000,1,3000,3156813, 1052
list-none-m,1,1000,1,3000,3191076, 1063
list-none-m,2,1000,1,6000,16568523, 2761
list-none-m,4,1000,1,12000,70477543, 5873
list-none-m,8,1000,1,24000,266623011, 11109
list-none-m,12,1000,1,36000,487810734, 13550
list-none-m,16,1000,1,48000,764917377, 15935
list-none-m,24,1000,1,72000,1252996467, 17402
list-none-s,1,1000,1,3000,3205580, 1068
list-none-s,2,1000,1,6000,8777822, 1462
list-none-s,4,1000,1,12000,56357675, 4696
list-none-s,8,1000,1,24000,133616294, 5567
list-none-s,12,1000,1,36000,303095576, 8419
list-none-s,16,1000,1,48000,364351546, 7590
list-none-s,24,1000,1,72000,817816437, 11358
list-none-none,1,10,1,30,147261, 4908
list-none-none,1,100,1,300,183937, 613
list-none-none,1,1000,1,3000,3028694, 1009
list-none-none,1,10000,1,30000,278404366, 9280
list-none-none,1,20000,1,60000,1098395217, 18306
list-none-none,2,1,1,6,187951, 31325
list-none-none,4,1,1,12,222092, 18507
list-none-none,8,1,1,24,1093118, 45546
list-none-none,8,10,1,240,1024366, 4268
list-none-none,12,1,1,36,748570, 20793
list-none-none,12,10,1,360,1160951, 3224
list-i-none,2,1,1,6,186025, 31004
list-i-none,2,2,1,12,110751, 9229
list-i-none,2,4,1,24,181200, 7550
list-i-none,2,8,1,48,160354, 3340
list-i-none,4,1,1,12,250307, 20858
list-i-none,4,2,1,24,211241, 8801
list-i-none,4,4,1,48,214734, 4473
list-i-none,4,8,1,96,201062, 2094
list-i-none,2,1,1,6,184738, 30789
list-i-none,2,2,1,12,138028, 11502
list-i-none,2,4,1,24,176081, 7336
list-d-none,2,1,1,6,194726, 32454
list-d-none,2,2,1,12,148924, 12410
list-d-none,2,4,1,24,145652, 6068
list-d-none,4,1,1,12,216411, 18034
list-d-none,4,2,1,24,517121, 21546
list-d-none,4,4,1,48,226107, 4710
list-d-none,2,1,1,6,165623, 27603
list-d-none,2,2,1,12,198605, 16550
list-d-none,2,16,1,96,220673, 2298
list-il-none,2,1,1,6,184418, 30736
list-il-none,2,2,1,12,142744, 11895
list-il-none,2,8,1,48,203965, 4249
list-il-none,4,1,1,12,215107, 17925
list-il-none,4,2,1,24,168507, 7021
list-il-none,4,4,1,48,225785, 4703
list-il-none,4,8,1,96,205080, 2136
list-il-none,2,1,1,6,194808, 32468
list-il-none,2,2,1,12,196981, 16415
list-il-none,2,16,1,96,194441, 2025
list-dl-none,2,1,1,6,192568, 32094
list-dl-none,2,2,1,12,132718, 11059
list-dl-none,2,4,1,24,180756, 7531
list-dl-none,2,8,1,48,149039, 3104
list-dl-none,4,1,1,12,221815, 18484
list-dl-none,4,2,1,24,234092, 9753
list-dl-none,4,4,1,48,187225, 3900
list-dl-none,2,1,1,6,190331, 31721
list-dl-none,2,2,1,12,148030, 12335
list-dl-none,2,4,1,24,157503, 6562
list-dl-none,2,8,1,48,186694, 3889
list-dl-none,2,16,1,96,208877, 2175
list-i-m,12,32,1,1152,906592, 786
list-d-m,12,32,1,1152,1307725, 1135
list-il-m,12,32,1,1152,1137419, 987
list-dl-m,12,32,1,1152,1120840, 972
list-i-s,12,32,1,1152,937288, 813
list-d-s,12,32,1,1152,1156266, 1003
list-il-s,12,32,1,1152,5827978, 5059
list-dl-s,12,32,1,1152,1118229, 970
list-none-none,1,1000,1,3000,3081191, 1027
list-none-m,1,1000,1,3000,3148604, 1049
list-none-m,2,1000,1,6000,16654917, 2775
list-none-m,4,1000,1,12000,70820278, 5901
list-none-m,8,1000,1,24000,267491870, 11145
list-none-m,12,1000,1,36000,499800378, 13883
list-none-m,16,1000,1,48000,758599527, 15804
list-none-m,24,1000,1,72000,1168944085, 16235
list-none-s,1,1000,1,3000,3125873, 1041
list-none-s,2,1000,1,6000,7986956, 1331
list-none-s,4,1000,1,12000,56514392, 4709
list-none-s,8,1000,1,24000,123869459, 5161
list-none-s,12,1000,1,36000,200441250, 5567
list-none-s,16,1000,1,48000,443063396, 9230
list-none-s,24,1000,1,72000,1025665924, 14245
list-none-none,1,10,1,30,154630, 5154
list-none-none,1,100,1,300,169011, 563
list-none-none,1,1000,1,3000,3097555, 1032
list-none-none,1,10000,1,30000,278773676, 9292
list-none-none,1,20000,1,60000,1101897719, 18364
list-none-none,2,1,1,6,194860, 32476
list-none-none,1,10,1,30,132619, 4420
list-none-none,1,100,1,300,236061, 786
list-none-none,1,1000,1,3000,3166133, 1055
list-none-none,1,10000,1,30000,278384690, 9279
list-none-none,1,20000,1,60000,1104043025, 18400
list-none-none,2,1,1,6,222302, 37050
list-none-none,4,1,1,12,199442, 16620
list-none-none,8,1,1,24,309009, 12875
list-none-none,8,10,1,240,760779, 3169
list-none-none,12,1,1,36,727989, 20221
list-none-none,12,10,1,360,2403250, 6675
list-i-none,2,1,1,6,169628, 28271
list-i-none,2,2,1,12,167923, 13993
list-i-none,2,4,1,24,184288, 7678
list-i-none,2,8,1,48,188492, 3926
list-i-none,4,1,1,12,516761, 43063
list-i-none,4,2,1,24,203254, 8468
list-i-none,4,4,1,48,208778, 4349
list-i-none,2,1,1,6,188362, 31393
list-i-none,2,2,1,12,169126, 14093
list-i-none,2,4,1,24,175597, 7316
list-i-none,2,8,1,48,171845, 3580
list-d-none,2,1,1,6,156238, 26039
list-d-none,2,2,1,12,190585, 15882
list-d-none,2,4,1,24,202824, 8451
list-d-none,4,1,1,12,209591, 17465
list-d-none,4,2,1,24,279448, 11643
list-d-none,4,4,1,48,222695, 4639
list-d-none,2,1,1,6,193488, 32248
list-d-none,2,2,1,12,137466, 11455
list-d-none,2,4,1,24,188824, 7867
list-d-none,2,8,1,48,197252, 4109
list-d-none,2,16,1,96,172789, 1799
list-il-none,2,1,1,6,185378, 30896
list-il-none,2,2,1,12,165123, 13760
list-il-none,2,4,1,24,181217, 7550
list-il-none,2,8,1,48,231674, 4826
list-il-none,4,1,1,12,245459, 20454
list-il-none,4,2,1,24,996873, 41536
list-il-none,4,4,1,48,199870, 4163
list-il-none,4,8,1,96,238521, 2484
list-il-none,2,1,1,6,157086, 26181
list-il-none,2,2,1,12,200570, 16714
list-il-none,2,4,1,24,159545, 6647
list-il-none,2,8,1,48,177747, 3703
list-dl-none,2,1,1,6,191234, 31872
list-dl-none,2,2,1,12,164653, 13721
list-dl-none,2,4,1,24,185246, 7718
list-dl-none,4,1,1,12,978988, 81582
list-dl-none,4,2,1,24,235118, 9796
list-dl-none,4,4,1,48,228748, 4765
list-dl-none,2,1,1,6,148841, 24806
list-dl-none,2,2,1,12,162016, 13501
list-dl-none,2,8,1,48,160265, 3338
list-i-m,12,32,1,1152,759725, 659
list-d-m,12,32,1,1152,1204795, 1045
list-il-m,12,32,1,1152,1307368, 1134
list-dl-m,12,32,1,1152,1278276, 1109
list-i-s,12,32,1,1152,4523079, 3926
list-d-s,12,32,1,1152,1030833, 894
list-il-s,12,32,1,1152,1116141, 968
list-dl-s,12,32,1,1152,848665, 736
list-none-none,1,1000,1,3000,3090594, 1030
list-none-m,1,1000,1,3000,3183908, 1061
list-none-m,2,1000,1,6000,17410247, 2901
list-none-m,4,1000,1,12000,70104947, 5842
list-none-m,8,1000,1,24000,267334984, 11138
list-none-m,12,1000,1,36000,510855524, 14190
list-none-m,16,1000,1,48000,743499599, 15489
list-none-m,24,1000,1,72000,1112281406, 15448
list-none-s,1,1000,1,3000,3254072, 1084
list-none-s,2,1000,1,6000,14738291, 2456
list-none-s,4,1000,1,12000,57907737, 4825
list-none-s,8,1000,1,24000,110524488, 4605
list-none-s,12,1000,1,36000,279335849, 7759
list-none-s,16,1000,1,48000,440232492, 9171
list-none-s,24,1000,1,72000,976619791, 13564
list-none-none,1,10,1,30,161666, 5388
list-none-none,1,100,1,300,179966, 599
list-none-none,1,1000,1,3000,3088889, 1029
list-none-none,1,10000,1,30000,283414749, 9447
list-none-none,1,20000,1,60000,1103434718, 18390
list-none-none,2,1,1,6,171075, 28512
list-none-none,1,10,1,30,127813, 4260
list-none-none,1,100,1,300,180437, 601
list-none-none,1,1000,1,3000,3169297, 1056
list-none-none,1,10000,1,30000,280485181, 9349
list-none-none,1,20000,1,60000,1112458192, 18540
list-none-none,2,1,1,6,148193, 24698
list-none-none,2,100,1,600,215393, 358
list-none-none,4,1,1,12,925899, 77158
list-none-none,8,1,1,24,702757, 29281
list-none-none,8,10,1,240,1512125, 6300
list-none-none,12,1,1,36,1227532, 34098
list-none-none,12,10,1,360,785634, 2182
list-i-none,2,1,1,6,112721, 18786
list-i-none,2,2,1,12,186464, 15538
list-i-none,2,8,1,48,182058, 3792
list-i-none,4,1,1,12,244275, 20356
list-i-none,4,2,1,24,212700, 8862
list-i-none,4,4,1,48,211842, 4413
list-i-none,4,8,1,96,543815, 5664
list-i-none,2,1,1,6,166408, 27734
list-i-none,2,2,1,12,201737, 16811
list-i-none,2,4,1,24,193726, 8071
list-i-none,2,8,1,48,188104, 3918
list-d-none,2,1,1,6,193257, 32209
list-d-none,2,2,1,12,138082, 11506
list-d-none,2,4,1,24,180932, 7538
list-d-none,4,1,1,12,221447, 18453
list-d-none,4,2,1,24,204619, 8525
list-d-none,4,4,1,48,195273, 4068
list-d-none,4,8,1,96,192145, 2001
list-d-none,2,1,1,6,139681, 23280
list-d-none,2,2,1,12,181787, 15148
list-d-none,2,4,1,24,153089, 6378
list-il-none,2,1,1,6,191244, 31874
list-il-none,2,2,1,12,174825, 14568
list-il-none,2,4,1,24,194405, 8100
list-il-none,2,8,1,48,200699, 4181
list-il-none,4,1,1,12,209275, 17439
list-il-none,4,2,1,24,162137, 6755
list-il-none,4,4,1,48,859199, 17899
list-il-none,4,16,1,192,270552, 1409
list-il-none,2,1,1,6,144174, 24029
list-il-none,2,2,1,12,190602, 15883
list-il-none,2,8,1,48,178804, 3725
list-dl-none,2,1,1,6,193087, 32181
list-dl-none,2,2,1,12,170740, 14228
list-dl-none,2,4,1,24,188685, 7861
list-dl-none,4,1,1,12,216857, 18071
list-dl-none,4,2,1,24,209579, 8732
list-dl-none,4,4,1,48,252908, 5268
list-dl-none,4,8,1,96,993663, 10350
list-dl-none,2,1,1,6,189312, 31552
list-dl-none,2,2,1,12,149371, 12447
list-dl-none,2,8,1,48,191836, 3996
list-dl-none,2,16,1,96,176964, 1843
list-i-m,12,32,1,1152,763282, 662
list-d-m,12,32,1,1152,945046, 820
list-il-m,12,32,1,1152,1183598, 1027
list-dl-m,12,32,1,1152,1230957, 1068
list-i-s,12,32,1,1152,1246914, 1082
list-d-s,12,32,1,1152,2141206, 1858
list-il-s,12,32,1,1152,1133685, 984
list-dl-s,12,32,1,1152,1185659, 1029
list-none-none,1,1000,1,3000,3153880, 1051
list-none-m,1,1000,1,3000,3203529, 1067
list-none-m,2,1000,1,6000,17597443, 2932
list-none-m,4,1000,1,12000,70593713, 5882
list-none-m,8,1000,1,24000,271810593, 11325
list-none-m,12,1000,1,36000,498314399, 13842
list-none-m,16,1000,1,48000,773298860, 16110
list-none-m,24,1000,1,72000,1121002432, 15569
list-none-s,1,1000,1,3000,3131773, 1043
list-none-s,2,1000,1,6000,15371597, 2561
list-none-s,4,1000,1,12000,29968663, 2497
list-none-s,8,1000,1,24000,117529022, 4897
list-none-s,12,1000,1,36000,325386849, 9038
list-none-s,16,1000,1,48000,399176064, 8316
list-none-s,24,1000,1,72000,589857910, 8192
list-none-none,1,10,1,30,102212, 3407
list-none-none,1,100,1,300,183396, 611
list-none-none,1,1000,1,3000,3218381, 1072
list-none-none,1,10000,1,30000,280634460, 9354
list-none-none,1,20000,1,60000,1102667734, 18377
list-none-none,2,1,1,6,139604, 23267
list-none-none,4,1,1,12,176400, 14700
list-none-none,8,1,1,24,321700, 13404
list-none-none,8,10,1,240,787575, 3281
list-none-none,12,1,1,36,805528, 22375
list-none-none,12,10,1,360,1120524, 3112
list-i-none,2,1,1,6,167487, 27914
list-i-none,2,2,1,12,147821, 12318
list-i-none,2,8,1,48,176503, 3677
list-i-none,2,16,1,96,175222, 1825
list-i-none,4,1,1,12,202285, 16857
list-i-none,4,2,1,24,156683, 6528
list-i-none,4,4,1,48,209458, 4363
list-i-none,4,8,1,96,191727, 1997
list-i-none,2,1,1,6,140085, 23347
list-i-none,2,2,1,12,138619, 11551
list-i-none,2,4,1,24,154309, 6429
list-i-none,2,8,1,48,153686, 3201
list-d-none,2,1,1,6,106370, 17728
list-d-none,2,2,1,12,150997, 12583
list-d-none,2,8,1,48,137687, 2868
list-d-none,4,1,1,12,183902, 15325
list-d-none,4,2,1,24,199725, 8321
list-d-none,4,4,1,48,182592, 3804
list-d-none,4,8,1,96,230675, 2402
list-d-none,2,1,1,6,163513, 27252
list-d-none,2,2,1,12,165454, 13787
list-d-none,2,4,1,24,131743, 5489
list-d-none,2,8,1,48,192233, 4004
list-d-none,2,16,1,96,163583, 1703
list-il-none,2,1,1,6,185907, 30984
list-il-none,2,2,1,12,127501, 10625
list-il-none,2,4,1,24,149665, 6236
list-il-none,2,8,1,48,226065, 4709
list-il-none,4,1,1,12,221387, 18448
list-il-none,4,2,1,24,177361, 7390
list-il-none,4,4,1,48,223962, 4665
list-il-none,4,8,1,96,552852, 5758
list-il-none,2,1,1,6,133789, 22298
list-il-none,2,2,1,12,191976, 15998
list-il-none,2,4,1,24,144539, 6022
list-dl-none,2,1,1,6,182746, 30457
list-dl-none,2,2,1,12,154829, 12902
list-dl-none,2,8,1,48,200900, 4185
list-dl-none,4,1,1,12,517232, 43102
list-dl-none,4,2,1,24,196768, 8198
list-dl-none,4,4,1,48,227256, 4734
list-dl-none,2,1,1,6,158975, 26495
list-dl-none,2,2,1,12,128945, 10745
list-dl-none,2,4,1,24,162711, 6779
list-dl-none,2,16,1,96,220180, 2293
list-i-m,12,32,1,1152,1358324, 1179
list-d-m,12,32,1,1152,1228585, 1066
list-il-m,12,32,1,1152,750635, 651
list-dl-m,12,32,1,1152,1312806, 1139
list-i-s,12,32,1,1152,855049, 742
list-d-s,12,32,1,1152,1222811, 1061
list-il-s,12,32,1,1152,1172013, 1017
list-dl-s,12,32,1,1152,1018950, 884
list-none-none,1,1000,1,3000,3171607, 1057
list-none-m,1,1000,1,3000,3538830, 1179
list-none-m,2,1000,1,6000,16448175, 2741
list-none-m,4,1000,1,12000,68144181, 5678
list-none-m,8,1000,1,24000,266562332, 11106
list-none-m,12,1000,1,36000,449897116, 12497
list-none-m,16,1000,1,48000,808159382, 16836
list-none-m,24,1000,1,72000,1245845716, 17303
list-none-s,1,1000,1,3000,3172860, 1057
list-none-s,2,1000,1,6000,13548413, 2258
list-none-s,4,1000,1,12000,54473918, 4539
list-none-s,8,1000,1,24000,129851459, 5410
list-none-s,12,1000,1,36000,330054421, 9168
list-none-s,16,1000,1,48000,559825312, 11663
list-none-s,24,1000,1,72000,889725348, 12357
list-none-none,1,10,1,30,98057, 3268
list-none-none,1,100,1,300,148150, 493
list-none-none,1,1000,1,3000,3156835, 1052
list-none-none,1,10000,1,30000,278589270, 9286
list-none-none,1,20000,1,60000,1101699020, 18361
list-none-none,2,1,1,6,193638, 32273
list-none-none,1,10,1,30,142742, 4758
list-none-none,1,100,1,300,184593, 615
list-none-none,1,1000,1,3000,3155205, 1051
list-none-none,1,10000,1,30000,280793827, 9359
list-none-none,1,20000,1,60000,1101020266, 18350
list-none-none,2,1,1,6,188631, 31438
list-none-none,4,1,1,12,211631, 17635
list-none-none,8,1,1,24,285996, 11916
list-none-none,12,1,1,36,731999, 20333
list-none-none,12,10,1,360,1142024, 3172
list-i-none,2,1,1,6,189249, 31541
list-i-none,2,2,1,12,136690, 11390
list-i-none,2,4,1,24,205082, 8545
list-i-none,2,8,1,48,155078, 3230
list-i-none,4,1,1,12,178466, 14872
list-i-none,4,2,1,24,217250, 9052
list-i-none,4,4,1,48,204905, 4268
list-i-none,4,8,1,96,222906, 2321
list-i-none,2,1,1,6,180575, 30095
list-i-none,2,2,1,12,162422, 13535
list-i-none,2,4,1,24,183487, 7645
list-i-none,2,8,1,48,221897, 4622
list-d-none,2,1,1,6,185700, 30950
list-d-none,2,2,1,12,150684, 12557
list-d-none,2,8,1,48,185504, 3864
list-d-none,4,1,1,12,223976, 18664
list-d-none,4,2,1,24,513779, 21407
list-d-none,4,4,1,48,227827, 4746
list-d-none,4,8,1,96,213643, 2225
list-d-none,2,1,1,6,138507, 23084
list-d-none,2,2,1,12,187915, 15659
list-d-none,2,4,1,24,143204, 5966
list-il-none,2,1,1,6,182281, 30380
list-il-none,2,2,1,12,151656, 12638
list-il-none,2,4,1,24,184677, 7694
list-il-none,2,8,1,48,166750, 3473
list-il-none,2,16,1,96,185963, 1937
list-il-none,4,1,1,12,191377, 15948
list-il-none,4,2,1,24,955868, 39827
list-il-none,4,4,1,48,204823, 4267
list-il-none,4,8,1,96,223982, 2333
list-il-none,4,16,1,192,263812, 1374
list-il-none,2,1,1,6,196536, 32756
list-il-none,2,2,1,12,200330, 16694
list-il-none,2,8,1,48,193012, 4021
list-dl-none,2,1,1,6,143244, 23874
list-dl-none,2,2,1,12,119222, 9935
list-dl-none,4,1,1,12,214220, 17851
list-dl-none,4,2,1,24,215802, 8991
list-dl-none,4,4,1,48,245222, 5108
list-dl-none,2,1,1,6,114005, 19000
list-dl-none,2,2,1,12,167382, 13948
list-i-m,12,32,1,1152,782995, 679
list-d-m,12,32,1,1152,1390737, 1207
list-il-m,12,32,1,1152,700647, 608
list-dl-m,12,32,1,1152,1229781, 1067
list-i-s,12,32,1,1152,5459817, 4739
list-d-s,12,32,1,1152,920737, 799
list-il-s,12,32,1,1152,528498, 458
list-dl-s,12,32,1,1152,1248524, 1083
list-none-none,1,1000,1,3000,3078373, 1026
list-none-m,1,1000,1,3000,3202567, 1067
list-none-m,2,1000,1,6000,17581897, 2930
list-none-m,4,1000,1,12000,71853092, 5987
list-none-m,8,1000,1,24000,275627181, 11484
list-none-m,12,1000,1,36000,459683240, 12768
list-none-m,16,1000,1,48000,750759076, 15640
list-none-m,24,1000,1,72000,1090766127, 15149
list-none-s,1,1000,1,3000,3160708, 1053
list-none-s,2,1000,1,6000,13843743, 2307
list-none-s,4,1000,1,12000,50270352, 4189
list-none-s,8,1000,1,24000,96536263, 4022
list-none-s,12,1000,1,36000,399170474, 11088
list-none-s,16,1000,1,48000,348892435, 7268
list-none-s,24,1000,1,72000,752897938, 10456
list-none-none,1,10,1,30,114614, 3820
list-none-none,1,100,1,300,147523, 491
list-none-none,1,1000,1,3000,3138252, 1046
list-none-none,1,10000,1,30000,286029783, 9534
list-none-none,1,20000,1,60000,1145665136, 19094
list-none-none,2,1,1,6,213623, 35603
list-none-none,4,1,1,12,216197, 18016
list-none-none,8,1,1,24,343829, 14326
list-none-none,8,10,1,240,1217888, 5074
list-none-none,12,1,1,36,817702, 22713
list-none-none,12,10,1,360,1401695, 3893
list-i-none,2,1,1,6,161221, 26870
list-i-none,2,2,1,12,188035, 15669
list-i-none,2,4,1,24,142389, 5932
list-i-none,2,8,1,48,201280, 4193
list-i-none,4,1,1,12,197489, 16457
list-i-none,4,2,1,24,220836, 9201
list-i-none,4,4,1,48,164363, 3424
list-i-none,2,1,1,6,191759, 31959
list-i-none,2,2,1,12,139334, 11611
list-i-none,2,4,1,24,180407, 7516
list-i-none,2,8,1,48,205167, 4274
list-none-none,2,16,1,96,212745, 2216
list-d-none,2,1,1,6,142219, 23703
list-d-none,2,2,1,12,191817, 15984
list-d-none,2,4,1,24,155005, 6458
list-d-none,4,1,1,12,220058, 18338
list-d-none,4,2,1,24,571702, 23820
list-d-none,4,4,1,48,215718, 4494
list-none-none,4,16,1,192,258913, 1348
list-d-none,2,1,1,6,189259, 31543
list-d-none,2,2,1,12,138091, 11507
list-d-none,2,4,1,24,188138, 7839
list-d-none,2,8,1,48,158194, 3295
list-none-none,2,16,1,96,207117, 2157
list-il-none,2,1,1,6,194205, 32367
list-il-none,2,2,1,12,181878, 15156
list-il-none,4,1,1,12,201397, 16783
list-il-none,4,2,1,24,218484, 9103
list-il-none,4,4,1,48,178530, 3719
list-il-none,4,8,1,96,214006, 2229
list-none-none,4,16,1,192,257983, 1343
list-il-none,2,1,1,6,192984, 32164
list-il-none,2,2,1,12,165555, 13796
list-il-none,2,8,1,48,215322, 4485
list-none-none,2,16,1,96,199238, 2075
list-dl-none,2,1,1,6,194619, 32436
list-dl-none,2,2,1,12,131757, 10979
list-dl-none,2,4,1,24,207928, 8663
list-dl-none,4,1,1,12,255548, 21295
list-dl-none,4,2,1,24,219255, 9135
list-dl-none,4,4,1,48,239884, 4997
list-dl-none,4,8,1,96,548700, 5715
list-dl-none,2,1,1,6,148632, 24772
list-dl-none,2,2,1,12,190573, 15881
list-dl-none,2,4,1,24,198233, 8259
list-i-m,12,32,1,1152,1331580, 1155
list-d-m,12,32,1,1152,1217436, 1056
list-il-m,12,32,1,1152,1397820, 1213
list-dl-m,12,32,1,1152,1352340, 1173
list-i-s,12,32,1,1152,6500032, 5642
list-d-s,12,32,1,1152,1176495, 1021
list-il-s,12,32,1,1152,1124926, 976
list-dl-s,12,32,1,1152,1565535, 1358
list-none-none,1,1000,1,3000,3154172, 1051
list-none-m,1,1000,1,3000,3200133, 1066
list-none-m,2,1000,1,6000,16342885, 2723
list-none-m,4,1000,1,12000,69791053, 5815
list-none-m,8,1000,1,24000,265783422, 11074
list-none-m,12,1000,1,36000,504740613, 14020
list-none-m,16,1000,1,48000,758437406, 15800
list-none-m,24,1000,1,72000,1200936793, 16679
list-none-s,1,1000,1,3000,3126564, 1042
list-none-s,2,1000,1,6000,13986240, 2331
list-none-s,4,1000,1,12000,57669986, 4805
list-none-s,8,1000,1,24000,121016317, 5042
list-none-s,12,1000,1,36000,256925362, 7136
list-none-s,16,1000,1,48000,498283387, 10380
list-none-s,24,1000,1,72000,573418463, 7964
list-none-none,1,10,1,30,137756, 4591
list-none-none,1,100,1,300,147502, 491
list-none-none,1,1000,1,3000,3176615, 1058
list-none-none,1,10000,1,30000,280167353, 9338
list-none-none,1,20000,1,60000,1107675797, 18461
list-none-none,2,1,1,6,173603, 28933
list-none-none,4,1,1,12,1005828, 83819
list-none-none,8,1,1,24,872859, 36369
list-none-none,8,10,1,240,960548, 4002
list-none-none,12,1,1,36,712630, 19795
list-none-none,12,10,1,360,1130088, 3139
list-i-none,2,1,1,6,188007, 31334
list-i-none,2,2,1,12,177923, 14826
list-i-none,2,4,1,24,211327, 8805
list-i-none,4,1,1,12,216016, 18001
list-i-none,4,2,1,24,204218, 8509
list-i-none,4,4,1,48,212453, 4426
list-i-none,4,8,1,96,245165, 2553
list-i-none,2,1,1,6,137008, 22834
list-i-none,2,2,1,12,195902, 16325
list-d-none,2,1,1,6,191380, 31896
list-d-none,2,2,1,12,138603, 11550
list-none-none,2,16,1,96,146756, 1528
list-d-none,4,1,1,12,554433, 46202
list-d-none,4,2,1,24,200169, 8340
list-d-none,4,4,1,48,241916, 5039
list-d-none,2,1,1,6,166411, 27735
list-d-none,2,2,1,12,155305, 12942
list-d-none,2,8,1,48,187873, 3914
list-il-none,2,1,1,6,146867, 24477
list-il-none,2,2,1,12,193439, 16119
list-il-none,2,8,1,48,224015, 4666
list-il-none,4,1,1,12,215235, 17936
list-il-none,4,2,1,24,150730, 6280
list-il-none,4,4,1,48,225409, 4696
list-il-none,4,8,1,96,220456, 2296
list-none-none,4,16,1,192,233665, 1217
list-il-none,2,1,1,6,191047, 31841
list-il-none,2,2,1,12,163658, 13638
list-il-none,2,4,1,24,182488, 7603
list-il-none,2,8,1,48,162678, 3389
list-dl-none,2,1,1,6,171775, 28629
list-dl-none,2,2,1,12,133031, 11085
list-dl-none,2,4,1,24,181436, 7559
list-dl-none,2,8,1,48,149827, 3121
list-none-none,2,16,1,96,186940, 1947
list-dl-none,4,1,1,12,237110, 19759
list-dl-none,4,2,1,24,204307, 8512
list-dl-none,4,4,1,48,202487, 4218
list-dl-none,4,8,1,96,835114, 8699
list-none-none,4,16,1,192,255083, 1328
list-dl-none,2,1,1,6,193277, 32212
list-dl-none,2,2,1,12,139584, 11632
list-dl-none,2,4,1,24,185844, 7743
list-none-none,2,16,1,96,204567, 2130
list-i-m,12,32,1,1152,1063423, 923
list-d-m,12,32,1,1152,923632, 801
list-il-m,12,32,1,1152,1173808, 1018
list-dl-m,12,32,1,1152,904258, 784
list-i-s,12,32,1,1152,1143091, 992
list-d-s,12,32,1,1152,1163470, 1009
list-il-s,12,32,1,1152,577431, 501
list-dl-s,12,32,1,1152,3649288, 3167
list-none-none,1,1000,1,3000,3153437, 1051
list-none-m,1,1000,1,3000,3204512, 1068
list-none-m,2,1000,1,6000,16388115, 2731
list-none-m,4,1000,1,12000,70141757, 5845
list-none-m,8,1000,1,24000,265982106, 11082
list-none-m,12,1000,1,36000,503789761, 13994
list-none-m,16,1000,1,48000,752753412, 15682
list-none-m,24,1000,1,72000,1104134314, 15335
list-none-s,1,1000,1,3000,3159416, 1053
list-none-s,2,1000,1,6000,10221323, 1703
list-none-s,4,1000,1,12000,55680761, 4640
list-none-s,8,1000,1,24000,125202420, 5216
list-none-s,12,1000,1,36000,274610725, 7628
list-none-s,16,1000,1,48000,391351863, 8153
list-none-s,24,1000,1,72000,593290370, 8240
list-none-none,1,10,1,30,139326, 4644
list-none-none,1,100,1,300,159771, 532
list-none-none,1,1000,1,3000,3124278, 1041
list-none-none,1,10000,1,30000,282034694, 9401
list-none-none,1,20000,1,60000,1124484545, 18741
list-none-none,2,1,1,6,165851, 27641
list-none-none,4,1,1,12,206359, 17196
list-none-none,4,10,1,120,977773, 8148
list-none-none,8,1,1,24,1048192, 43674
list-none-none,8,10,1,240,294123, 1225
list-none-none,12,1,1,36,750264, 20840
list-none-none,12,10,1,360,1146546, 3184
list-i-none,2,1,1,6,131164, 21860
list-i-none,2,2,1,12,188413, 15701
list-i-none,2,4,1,24,142210, 5925
list-i-none,2,8,1,48,1059928, 22081
list-none-none,2,16,1,96,205593, 2141
list-i-none,4,1,1,12,227871, 18989
list-i-none,4,2,1,24,213928, 8913
list-i-none,4,4,1,48,232214, 4837
list-i-none,4,8,1,96,254577, 2651
list-i-none,2,1,1,6,184100, 30683
list-i-none,2,2,1,12,139679, 11639
list-i-none,2,8,1,48,199627, 4158
list-d-none,2,1,1,6,134722, 22453
list-d-none,2,2,1,12,144589, 12049
list-d-none,4,1,1,12,176221, 14685
list-d-none,4,2,1,24,199381, 8307
list-d-none,4,4,1,48,193940, 4040
list-d-none,4,8,1,96,250111, 2605
list-d-none,2,1,1,6,197983, 32997
list-d-none,2,2,1,12,190331, 15860
list-il-none,2,1,1,6,187846, 31307
list-il-none,2,2,1,12,142748, 11895
list-il-none,2,8,1,48,191632, 3992
list-il-none,4,1,1,12,177490, 14790
list-il-none,4,2,1,24,206908, 8621
list-il-none,4,4,1,48,184279, 3839
list-il-none,4,8,1,96,210036, 2187
list-il-none,2,1,1,6,146893, 24482
list-il-none,2,2,1,12,144549, 12045
list-il-none,2,4,1,24,180671, 7527
list-il-none,2,8,1,48,226441, 4717
list-dl-none,2,1,1,6,117166, 19527
list-dl-none,2,2,1,12,119554, 9962
list-dl-none,2,4,1,24,187827, 7826
list-dl-none,4,1,1,12,522773, 43564
list-dl-none,4,2,1,24,926303, 38595
list-dl-none,4,4,1,48,230775, 4807
list-dl-none,4,8,1,96,240466, 2504
list-dl-none,2,1,1,6,115254, 19209
list-dl-none,2,2,1,12,165862, 13821
list-dl-none,2,4,1,24,180505, 7521
list-i-m,12,32,1,1152,822589, 714
list-d-m,12,32,1,1152,1311025, 1138
list-il-m,12,32,1,1152,1948579, 1691
list-dl-m,12,32,1,1152,538672, 467
list-i-s,12,32,1,1152,1145745, 994
list-d-s,12,32,1,1152,1138295, 988
list-il-s,12,32,1,1152,1203567, 1044
list-dl-s,12,32,1,1152,2891142, 2509
list-none-none,1,1000,1,3000,3177784, 1059
list-none-m,1,1000,1,3000,3196324, 1065
list-none-m,2,1000,1,6000,16557906, 2759
list-none-m,4,1000,1,12000,67937942, 5661
list-none-m,8,1000,1,24000,272754710, 11364
list-none-m,12,1000,1,36000,514376472, 14288
list-none-m,16,1000,1,48000,789645801, 16450
list-none-m,24,1000,1,72000,1192018354, 16555
list-none-s,1,1000,1,3000,3111226, 1037
list-none-s,2,1000,1,6000,13971782, 2328
list-none-s,4,1000,1,12000,33389461, 2782
list-none-s,8,1000,1,24000,129864895, 5411
list-none-s,12,1000,1,36000,293005673, 8139
list-none-s,16,1000,1,48000,677144499, 14107
list-none-s,24,1000,1,72000,576682085, 8009
list-none-none,1,10,1,30,146074, 4869
list-none-none,1,100,1,300,258984, 863
list-none-none,1,1000,1,3000,3111195, 1037
list-none-none,1,10000,1,30000,280318108, 9343
list-none-none,1,20000,1,60000,1101514335, 18358
list-none-none,2,1,1,6,148589, 24764
list-none-none,2,10,1,60,145598, 2426
list-none-none,4,1,1,12,222665, 18555
list-none-none,8,1,1,24,723707, 30154
list-none-none,8,10,1,240,1225246, 5105
list-none-none,12,1,1,36,789544, 21931
list-none-none,12,10,1,360,1208353, 3356
list-i-none,2,1,1,6,112701, 18783
list-i-none,2,2,1,12,137634, 11469
list-i-none,2,4,1,24,195795, 8158
list-i-none,2,8,1,48,146274, 3047
list-i-none,4,1,1,12,170598, 14216
list-i-none,4,2,1,24,232613, 9692
list-i-none,4,4,1,48,206556, 4303
list-i-none,2,1,1,6,161633, 26938
list-i-none,2,2,1,12,166714, 13892
list-i-none,2,4,1,24,198064, 8252
list-i-none,2,8,1,48,164870, 3434
list-none-none,2,16,1,96,178206, 1856
list-d-none,2,1,1,6,184595, 30765
list-d-none,2,2,1,12,147389, 12282
list-d-none,2,4,1,24,181791, 7574
list-d-none,4,1,1,12,211009, 17584
list-d-none,4,2,1,24,505876, 21078
list-d-none,4,4,1,48,255587, 5324
list-d-none,4,8,1,96,829246, 8637
list-d-none,2,1,1,6,188740, 31456
list-d-none,2,2,1,12,137819, 11484
list-il-none,2,1,1,6,117935, 19655
list-il-none,2,2,1,12,142130, 11844
list-il-none,2,4,1,24,205469, 8561
list-il-none,2,8,1,48,206292, 4297
list-il-none,4,1,1,12,717398, 59783
list-il-none,4,2,1,24,549263, 22885
list-il-none,4,4,1,48,176173, 3670
list-il-none,4,8,1,96,217613, 2266
list-il-none,2,1,1,6,242041, 40340
list-il-none,2,2,1,12,116410, 9700
list-il-none,2,8,1,48,188476, 3926
list-dl-none,2,1,1,6,186936, 31156
list-dl-none,2,2,1,12,120415, 10034
list-dl-none,2,4,1,24,182641, 7610
list-dl-none,4,1,1,12,469011, 39084
list-dl-none,4,2,1,24,931303, 38804
list-dl-none,4,4,1,48,218215, 4546
list-dl-none,4,8,1,96,598514, 6234
list-dl-none,2,1,1,6,159404, 26567
list-dl-none,2,2,1,12,131017, 10918
list-dl-none,2,4,1,24,183688, 7653
list-dl-none,2,8,1,48,150222, 3129
list-i-m,12,32,1,1152,1219487, 1058
list-d-m,12,32,1,1152,1628664, 1413
list-il-m,12,32,1,1152,1252985, 1087
list-dl-m,12,32,1,1152,1167330, 1013
list-i-s,12,32,1,1152,971424, 843
list-d-s,12,32,1,1152,1184926, 1028
list-il-s,12,32,1,1152,2202010, 1911
list-dl-s,12,32,1,1152,1771403, 1537
list-none-none,1,1000,1,3000,3074905, 1024
list-none-m,1,1000,1,3000,3197072, 1065
list-none-m,2,1000,1,6000,17199483, 2866
list-none-m,4,1000,1,12000,68388399, 5699
list-none-m,8,1000,1,24000,276164587, 11506
list-none-m,12,1000,1,36000,470060622, 13057
list-none-m,16,1000,1,48000,772433714, 16092
list-none-m,24,1000,1,72000,1112335337, 15449
list-none-s,1,1000,1,3000,3108962, 1036
list-none-s,2,1000,1,6000,9535612, 1589
list-none-s,4,1000,1,12000,53688514, 4474
list-none-s,8,1000,1,24000,128113290, 5338
list-none-s,12,1000,1,36000,398419561, 11067
list-none-s,16,1000,1,48000,646213319, 13462
list-none-s,24,1000,1,72000,608982848, 8458
list-none-none,1,10,1,30,187440, 6248
list-none-none,1,100,1,300,141012, 470
list-none-none,1,1000,1,3000,3158796, 1052
list-none-none,1,10000,1,30000,274191773, 9139
list-none-none,1,20000,1,60000,1135341422, 18922
list-none-none,2,1,1,6,196050, 32675
list-none-none,4,1,1,12,208406, 17367
list-none-none,8,1,1,24,284178, 11840
list-none-none,8,10,1,240,670032, 2791
list-none-none,12,1,1,36,467405, 12983
list-none-none,12,10,1,360,782684, 2174
list-i-none,2,1,1,6,143678, 23946
list-i-none,2,2,1,12,174506, 14542
list-i-none,2,4,1,24,180505, 7521
list-i-none,4,1,1,12,221327, 18443
list-i-none,4,2,1,24,177618, 7400
list-i-none,4,4,1,48,217475, 4530
list-i-none,4,8,1,96,239874, 2498
list-i-none,2,1,1,6,126660, 21110
list-i-none,2,2,1,12,135878, 11323
list-i-none,2,4,1,24,152895, 6370
list-i-none,2,8,1,48,153114, 3189
list-d-none,2,1,1,6,186086, 31014
list-d-none,2,2,1,12,140081, 11673
list-d-none,2,4,1,24,172531, 7188
list-none-none,2,16,1,96,176741, 1841
list-d-none,4,1,1,12,512489, 42707
list-d-none,4,2,1,24,213690, 8903
list-d-none,4,4,1,48,151968, 3166
list-d-none,4,8,1,96,215198, 2241
list-d-none,2,1,1,6,145995, 24332
list-d-none,2,2,1,12,186644, 15553
list-d-none,2,4,1,24,147403, 6141
list-il-none,2,1,1,6,191582, 31930
list-il-none,2,2,1,12,201702, 16808
list-il-none,2,4,1,24,141802, 5908
list-il-none,4,1,1,12,219130, 18260
list-il-none,4,2,1,24,184764, 7698
list-il-none,4,4,1,48,215678, 4493
list-il-none,4,8,1,96,264583, 2756
list-il-none,2,1,1,6,140617, 23436
list-il-none,2,2,1,12,185205, 15433
list-il-none,2,4,1,24,145404, 6058
list-dl-none,2,1,1,6,197911, 32985
list-dl-none,2,2,1,12,117588, 9799
list-dl-none,2,8,1,48,186850, 3892
list-none-none,2,16,1,96,156250, 1627
list-dl-none,4,1,1,12,493314, 41109
list-dl-none,4,2,1,24,200309, 8346
list-dl-none,4,4,1,48,191479, 3989
list-dl-none,4,8,1,96,202990, 2114
list-dl-none,2,1,1,6,123780, 20630
list-dl-none,2,2,1,12,174383, 14531
list-dl-none,2,4,1,24,185602, 7733
list-i-m,12,32,1,1152,1180530, 1024
list-d-m,12,32,1,1152,1196948, 1039
list-il-m,12,32,1,1152,1123596, 975
list-dl-m,12,32,1,1152,1142793, 992
list-i-s,12,32,1,1152,1292081, 1121
list-d-s,12,32,1,1152,1050805, 912
list-il-s,12,32,1,1152,1238121, 1074
list-dl-s,12,32,1,1152,1170203, 1015
list-none-none,1,1000,1,3000,3140634, 1046
list-none-m,1,1000,1,3000,3203750, 1067
list-none-m,2,1000,1,6000,17658568, 2943
list-none-m,4,1000,1,12000,70812660, 5901
list-none-m,8,1000,1,24000,272290065, 11345
list-none-m,12,1000,1,36000,523132571, 14531
list-none-m,16,1000,1,48000,785281177, 16360
list-none-m,24,1000,1,72000,1219451652, 16936
list-none-s,1,1000,1,3000,3103837, 1034
list-none-s,2,1000,1,6000,14520909, 2420
list-none-s,4,1000,1,12000,28608732, 2384
list-none-s,8,1000,1,24000,172711451, 7196
list-none-s,12,1000,1,36000,283556641, 7876
list-none-s,16,1000,1,48000,360396799, 7508
list-none-s,24,1000,1,72000,1083689193, 15051
list-none-none,1,10,1,30,163764, 5458
list-none-none,1,100,1,300,189116, 630
list-none-none,1,1000,1,3000,3248187, 1082
list-none-none,1,10000,1,30000,274436267, 9147
list-none-none,1,20000,1,60000,1135087107, 18918
list-none-none,2,1,1,6,201446, 33574
list-none-none,4,1,1,12,259387, 21615
list-none-none,8,1,1,24,363129, 15130
list-none-none,12,1,1,36,817876, 22718
list-none-none,12,10,1,360,1173204, 3258
list-i-none,2,1,1,6,113550, 18925
list-i-none,2,2,1,12,135636, 11303
list-i-none,2,4,1,24,175588, 7316
list-i-none,2,8,1,48,151683, 3160
list-i-none,4,1,1,12,201004, 16750
list-i-none,4,2,1,24,164232, 6843
list-i-none,4,4,1,48,228006, 4750
list-i-none,4,8,1,96,1196937, 12468
list-i-none,2,1,1,6,187046, 31174
list-i-none,2,2,1,12,165328, 13777
list-i-none,2,4,1,24,199387, 8307
list-i-none,2,8,1,48,184649, 3846
list-d-none,2,1,1,6,144543, 24090
list-d-none,2,2,1,12,195802, 16316
list-d-none,2,4,1,24,192124, 8005
list-d-none,4,1,1,12,203870, 16989
list-d-none,4,2,1,24,587230, 24467
list-d-none,4,4,1,48,160719, 3348
list-d-none,4,8,1,96,228422, 2379
list-d-none,2,1,1,6,161504, 26917
list-d-none,2,2,1,12,181482, 15123
list-d-none,2,4,1,24,196565, 8190
list-il-none,2,1,1,6,139156, 23192
list-il-none,2,2,1,12,184396, 15366
list-il-none,2,4,1,24,140098, 5837
list-il-none,2,8,1,48,205999, 4291
list-il-none,4,1,1,12,235047, 19587
list-il-none,4,2,1,24,170086, 7086
list-il-none,4,4,1,48,215605, 4491
list-il-none,4,8,1,96,495960, 5166
list-il-none,2,1,1,6,128843, 21473
list-il-none,2,2,1,12,191345, 15945
list-il-none,2,4,1,24,177954, 7414
list-il-none,2,8,1,48,187142, 3898
list-dl-none,2,1,1,6,138349, 23058
list-dl-none,2,2,1,12,180185, 15015
list-dl-none,4,1,1,12,218568, 18214
list-dl-none,4,2,1,24,234984, 9791
list-dl-none,4,4,1,48,579091, 12064
list-dl-none,4,8,1,96,176613, 1839
list-dl-none,2,1,1,6,162484, 27080
list-dl-none,2,2,1,12,132161, 11013
list-dl-none,2,4,1,24,183280, 7636
list-i-m,12,32,1,1152,740257, 642
list-d-m,12,32,1,1152,1952187, 1694
list-il-m,12,32,1,1152,1262548, 1095
list-dl-m,12,32,1,1152,1388540, 1205
list-i-s,12,32,1,1152,1142366, 991
list-d-s,12,32,1,1152,1154780, 1002
list-il-s,12,32,1,1152,3747056, 3252
list-dl-s,12,32,1,1152,1139938, 989
list-none-none,1,1000,1,3000,3175455, 1058
list-none-m,1,1000,1,3000,3211385, 1070
list-none-m,2,1000,1,6000,17074456, 2845
list-none-m,4,1000,1,12000,68308218, 5692
list-none-m,8,1000,1,24000,270491419, 11270
list-none-m,12,1000,1,36000,476598083, 13238
list-none-m,16,1000,1,48000,781693869, 16285
list-none-m,24,1000,1,72000,1188853699, 16511
list-none-s,1,1000,1,3000,3197496, 1065
list-none-s,2,1000,1,6000,14897480, 2482
list-none-s,4,1000,1,12000,36935488, 3077
list-none-s,8,1000,1,24000,112380692, 4682
list-none-s,12,1000,1,36000,311662221, 8657
list-none-s,16,1000,1,48000,319729103, 6661
list-none-s,24,1000,1,72000,1118612228, 15536
